{
  "champion_id": "g03_02",
  "sims": 1500,
  "seed": 0,
  "bots": {
    "champion": {
      "weak": {
        "winrate": 0.7886666666666666,
        "ci_low": 0.7672819771245931,
        "ci_high": 0.8085765441452002,
        "n": 1500
      },
      "moderate": {
        "winrate": 0.516,
        "ci_low": 0.49070088534784373,
        "ci_high": 0.5412173698726529,
        "n": 1500
      },
      "strong": {
        "winrate": 0.4726666666666667,
        "ci_low": 0.44750303136068603,
        "ci_high": 0.49796994930429894,
        "n": 1500
      },
      "sonnet": {
        "winrate": 0.6893333333333334,
        "ci_low": 0.6654553890629958,
        "ci_high": 0.7122439643795476,
        "n": 1500
      },
      "ladder_mean": {
        "winrate": 0.6166666666666667,
        "ci_low": 0.6042932096305069,
        "ci_high": 0.6288908237390611,
        "n": 6000
      }
    },
    "simple_refine": {
      "weak": {
        "winrate": 0.27666666666666667,
        "ci_low": 0.25461987015624377,
        "ci_high": 0.29985448405765747,
        "n": 1500
      },
      "moderate": {
        "winrate": 0.008666666666666666,
        "ci_low": 0.005071771942657127,
        "ci_high": 0.014771807327925624,
        "n": 1500
      },
      "strong": {
        "winrate": 0.016,
        "ci_low": 0.010775190889749688,
        "ci_high": 0.023697588690227353,
        "n": 1500
      },
      "sonnet": {
        "winrate": 0.0026666666666666666,
        "ci_low": 0.0010374714675854256,
        "ci_high": 0.006836762095311092,
        "n": 1500
      },
      "ladder_mean": {
        "winrate": 0.076,
        "ci_low": 0.0695625796309865,
        "ci_high": 0.08298001909446953,
        "n": 6000
      }
    },
    "best_of_n": {
      "weak": {
        "winrate": 0.21933333333333332,
        "ci_low": 0.199123870091571,
        "ci_high": 0.240976736248884,
        "n": 1500
      },
      "moderate": {
        "winrate": 0.21066666666666667,
        "ci_low": 0.19078228213338683,
        "ci_high": 0.23202926929596585,
        "n": 1500
      },
      "strong": {
        "winrate": 0.16866666666666666,
        "ci_low": 0.15056821800290798,
        "ci_high": 0.18845791347264101,
        "n": 1500
      },
      "sonnet": {
        "winrate": 0.25666666666666665,
        "ci_low": 0.23520295003024938,
        "ci_high": 0.279373585158031,
        "n": 1500
      },
      "ladder_mean": {
        "winrate": 0.21383333333333332,
        "ci_low": 0.2036434445708131,
        "ci_high": 0.22438943357840382,
        "n": 6000
      }
    }
  },
  "champion_vs_ablations": {
    "simple_refine": {
      "champion_winrate": 0.98,
      "ci_low": 0.9715924513875663,
      "ci_high": 0.9859552052273325,
      "n": 1500
    },
    "best_of_n": {
      "champion_winrate": 0.7706666666666667,
      "ci_low": 0.7487158072756445,
      "ci_high": 0.7912346768710902,
      "n": 1500
    }
  }
}