{
  "id": "space_first",
  "ladder_fitness": 0.5616666666666666,
  "per_rung": {
    "weak": 0.76,
    "moderate": 0.48,
    "strong": 0.43333333333333335,
    "sonnet": 0.5733333333333334
  },
  "sims": 150,
  "seed": 0,
  "reeval": true
}