{
  "id": "generalist",
  "ladder_fitness": 0.16666666666666666,
  "per_rung": {
    "weak": 0.26,
    "moderate": 0.07333333333333333,
    "strong": 0.03333333333333333,
    "sonnet": 0.3
  },
  "sims": 150,
  "seed": 0,
  "reeval": true
}