{
  "id": "balanced",
  "ladder_fitness": 0.4083333333333333,
  "per_rung": {
    "weak": 0.6266666666666667,
    "moderate": 0.26,
    "strong": 0.2733333333333333,
    "sonnet": 0.47333333333333333
  },
  "sims": 150,
  "seed": 0,
  "reeval": true
}