{
  "id": "balanced",
  "ladder_fitness": 0.42166666666666663,
  "per_rung": {
    "weak": 0.6466666666666666,
    "moderate": 0.30666666666666664,
    "strong": 0.26666666666666666,
    "sonnet": 0.4666666666666667
  },
  "sims": 150,
  "seed": 0,
  "reeval": true
}