{
  "id": "duelist",
  "ladder_fitness": 0.5233333333333333,
  "per_rung": {
    "weak": 0.7866666666666666,
    "moderate": 0.4,
    "strong": 0.3466666666666667,
    "sonnet": 0.56
  },
  "sims": 150,
  "seed": 0,
  "reeval": true
}