{
  "haiku_1shot": {
    "fitness": 0.2533333333333333,
    "per_rung": {
      "weak": 0.4133333333333333,
      "moderate": 0.19333333333333333,
      "strong": 0.15333333333333335
    },
    "R_valid": 5
  },
  "sonnet_1shot": {
    "fitness": 0.4833333333333334,
    "per_rung": {
      "weak": 0.7133333333333333,
      "moderate": 0.4,
      "strong": 0.33666666666666667
    },
    "R_valid": 5
  },
  "haiku_bestN": {
    "fitness": 0.2777777777777778,
    "per_rung": {
      "weak": 0.5333333333333333,
      "moderate": 0.17666666666666667,
      "strong": 0.12333333333333334
    },
    "R_valid": 5
  },
  "haiku_refineN": {
    "fitness": 0.18555555555555556,
    "per_rung": {
      "weak": 0.37333333333333335,
      "moderate": 0.13333333333333336,
      "strong": 0.05
    },
    "R_valid": 5
  }
}