{
  "final_gen": 5,
  "champion": "g02_02",
  "champion_fitness": 0.43703703703703706,
  "champion_label": "D\u2192D\u2192D\u2192F",
  "gen0_best": "best_then_fix",
  "gen0_best_fitness": 0.35000000000000003,
  "baselines": {
    "haiku_1shot": 0.2533333333333333,
    "sonnet_1shot": 0.4833333333333334,
    "haiku_bestN": 0.2777777777777778,
    "haiku_refineN": 0.18555555555555556
  }
}