{
  "id": "hunter",
  "ladder_fitness": 0.31333333333333335,
  "per_rung": {
    "weak": 0.52,
    "moderate": 0.2733333333333333,
    "strong": 0.14666666666666667,
    "sonnet": 0.31333333333333335
  },
  "sims": 150,
  "seed": 0,
  "reeval": true
}