{
  "id": "hunter",
  "ladder_fitness": 0.31211678832116785,
  "per_rung": {
    "weak": 0.5,
    "moderate": 0.26666666666666666,
    "strong": 0.15333333333333332,
    "sonnet": 0.3284671532846715
  },
  "sims": 150,
  "seed": 0,
  "reeval": true
}