{
  "id": "space_first",
  "ladder_fitness": 0.5466666666666666,
  "per_rung": {
    "weak": 0.76,
    "moderate": 0.4533333333333333,
    "strong": 0.44666666666666666,
    "sonnet": 0.5266666666666666
  },
  "sims": 150,
  "seed": 0,
  "reeval": true
}