{
  "id": "balanced",
  "ladder_fitness": 0.4216666666666667,
  "per_rung": {
    "weak": 0.6533333333333333,
    "moderate": 0.28,
    "strong": 0.29333333333333333,
    "sonnet": 0.46
  },
  "sims": 150,
  "seed": 0,
  "reeval": true
}