{
  "id": "duelist",
  "ladder_fitness": 0.5133333333333333,
  "per_rung": {
    "weak": 0.7533333333333333,
    "moderate": 0.4266666666666667,
    "strong": 0.3,
    "sonnet": 0.5733333333333334
  },
  "sims": 150,
  "seed": 0,
  "reeval": true
}