{
  "id": "balanced",
  "ladder_fitness": 0.43333333333333335,
  "per_rung": {
    "weak": 0.6666666666666666,
    "moderate": 0.29333333333333333,
    "strong": 0.26,
    "sonnet": 0.5133333333333333
  },
  "sims": 150,
  "seed": 0,
  "reeval": true
}