{
  "id": "generalist",
  "ladder_fitness": 0.175,
  "per_rung": {
    "weak": 0.30666666666666664,
    "moderate": 0.08,
    "strong": 0.03333333333333333,
    "sonnet": 0.28
  },
  "sims": 150,
  "seed": 0,
  "reeval": true
}