{
  "id": "space_first",
  "ladder_fitness": 0.5266666666666666,
  "per_rung": {
    "weak": 0.76,
    "moderate": 0.42,
    "strong": 0.4266666666666667,
    "sonnet": 0.5
  },
  "sims": 150,
  "seed": 0,
  "reeval": true
}