{
  "id": "forager",
  "ladder_fitness": 0.4,
  "per_rung": {
    "weak": 0.6333333333333333,
    "moderate": 0.3,
    "strong": 0.23333333333333334,
    "sonnet": 0.43333333333333335
  },
  "sims": 150,
  "seed": 0,
  "reeval": true
}