{
  "id": "forager",
  "ladder_fitness": 0.4216666666666667,
  "per_rung": {
    "weak": 0.6066666666666667,
    "moderate": 0.32,
    "strong": 0.29333333333333333,
    "sonnet": 0.4666666666666667
  },
  "sims": 150,
  "seed": 0,
  "reeval": true
}