{
  "id": "space_first",
  "ladder_fitness": 0.5433333333333333,
  "per_rung": {
    "weak": 0.78,
    "moderate": 0.4533333333333333,
    "strong": 0.4066666666666667,
    "sonnet": 0.5333333333333333
  },
  "sims": 150,
  "seed": 0,
  "reeval": true
}