{
  "id": "duelist",
  "ladder_fitness": 0.5066666666666667,
  "per_rung": {
    "weak": 0.76,
    "moderate": 0.36666666666666664,
    "strong": 0.3466666666666667,
    "sonnet": 0.5533333333333333
  },
  "sims": 150,
  "seed": 0,
  "reeval": true
}