{
  "id": "duelist",
  "ladder_fitness": 0.5067567567567567,
  "per_rung": {
    "weak": 0.7733333333333333,
    "moderate": 0.42,
    "strong": 0.30666666666666664,
    "sonnet": 0.527027027027027
  },
  "sims": 150,
  "seed": 0,
  "reeval": true
}